date,ticker,close,volume
2022-01-03,GRVC,122.06,1392451
2022-01-04,GRVC,121.96,804914
2022-01-05,GRVC,123.92,1307056
2022-01-06,GRVC,122.95,989661
2022-01-07,GRVC,122.25,919218
2022-01-10,GRVC,123.02,909472
2022-01-11,GRVC,122.63,746484
2022-01-12,GRVC,123.32,992506
2022-01-13,GRVC,124.74,1112434
2022-01-14,GRVC,127.43,1419913
2022-01-17,GRVC,127.52,740656
2022-01-18,GRVC,126.62,968153
2022-01-19,GRVC,124.23,1430781
2022-01-20,GRVC,126.05,1264963
2022-01-21,GRVC,121.89,2168766
2022-01-24,GRVC,122.79,870864
2022-01-25,GRVC,124.5,1199197
2022-01-26,GRVC,122.2,1541426
2022-01-27,GRVC,126.49,2108533
2022-01-28,GRVC,126.21,656093
2022-01-31,GRVC,127.81,1109865
2022-02-01,GRVC,124.59,1609785
2022-02-02,GRVC,125,635862
2022-02-03,GRVC,125.22,627989
2022-02-04,GRVC,125.65,739983
2022-02-07,GRVC,124.7,913786
2022-02-08,GRVC,125.07,790878
2022-02-09,GRVC,125.3,548978
2022-02-10,GRVC,124.19,1041572
2022-02-11,GRVC,122.43,1243602
2022-02-14,GRVC,123.6,874274
2022-02-15,GRVC,122.35,982262
2022-02-16,GRVC,122.15,541095
2022-02-17,GRVC,122.71,750452
2022-02-18,GRVC,120.4,1475672
2022-02-21,GRVC,122.74,1483672
2022-02-22,GRVC,121.92,988831
2022-02-23,GRVC,122.78,847813
2022-02-24,GRVC,121.53,1024330
2022-02-25,GRVC,120.7,827662
2022-02-28,GRVC,120.56,756642
2022-03-01,GRVC,122.9,1439333
2022-03-02,GRVC,124.86,1409349
2022-03-03,GRVC,125.42,900666
2022-03-04,GRVC,124.79,745554
2022-03-07,GRVC,122.88,1243380
2022-03-08,GRVC,121.91,934207
2022-03-09,GRVC,119.99,1254348
2022-03-10,GRVC,119.43,877106
2022-03-11,GRVC,118.61,907632
2022-03-14,GRVC,114.98,1904212
2022-03-15,GRVC,114.92,733830
2022-03-16,GRVC,116.38,1146492
2022-03-17,GRVC,114.76,1339108
2022-03-18,GRVC,116.8,1349169
2022-03-21,GRVC,115.2,1311315
2022-03-22,GRVC,112.61,1695631
2022-03-23,GRVC,113.6,967613
2022-03-24,GRVC,115.3,1368890
2022-03-25,GRVC,112.63,1704924
2022-03-28,GRVC,115.54,1727450
2022-03-29,GRVC,115.85,762710
2022-03-30,GRVC,115.36,1014565
2022-03-31,GRVC,117.81,1478108
2022-04-01,GRVC,117.79,512460
2022-04-04,GRVC,118.22,676097
2022-04-05,GRVC,121.65,1928889
2022-04-06,GRVC,122.85,1007817
2022-04-07,GRVC,120.06,1584967
2022-04-08,GRVC,120.32,631644
2022-04-11,GRVC,118.48,1316643
2022-04-12,GRVC,115.08,1923359
2022-04-13,GRVC,116.7,1290361
2022-04-14,GRVC,114.3,1599498
2022-04-15,GRVC,116.55,1442066
2022-04-18,GRVC,119.4,1776038
2022-04-19,GRVC,123.08,1847060
2022-04-20,GRVC,122.33,982640
2022-04-21,GRVC,119.88,1577761
2022-04-22,GRVC,119.82,725671
2022-04-25,GRVC,119.28,778660
2022-04-26,GRVC,120.38,1061354
2022-04-27,GRVC,118.78,1250409
2022-04-28,GRVC,119.95,1108626
2022-04-29,GRVC,118.61,1178585
2022-05-02,GRVC,119.34,852662
2022-05-03,GRVC,121.18,1265993
2022-05-04,GRVC,121.54,576549
2022-05-05,GRVC,122.59,849508
2022-05-06,GRVC,122.54,505761
2022-05-09,GRVC,122.82,719604
2022-05-10,GRVC,123.02,699966
2022-05-11,GRVC,124.27,991376
2022-05-12,GRVC,119.4,2354141
2022-05-13,GRVC,121.67,1394404
2022-05-16,GRVC,123.59,1393571
2022-05-17,GRVC,127.39,1947015
2022-05-18,GRVC,126.5,896963
2022-05-19,GRVC,124.64,1483043
2022-05-20,GRVC,125.14,823541
2022-05-23,GRVC,125.95,956078
2022-05-24,GRVC,124.88,970766
2022-05-25,GRVC,124.87,654174
2022-05-26,GRVC,125.78,940715
2022-05-27,GRVC,122.79,1602326
2022-05-30,GRVC,122.09,1045071
2022-05-31,GRVC,121.22,837605
2022-06-01,GRVC,121.6,875822
2022-06-02,GRVC,121.94,711819
2022-06-03,GRVC,119.67,1569002
2022-06-06,GRVC,118.87,986853
2022-06-07,GRVC,115.87,1862740
2022-06-08,GRVC,115.89,676272
2022-06-09,GRVC,113.18,1656764
2022-06-10,GRVC,110.42,1784329
2022-06-13,GRVC,109.74,1024599
2022-06-14,GRVC,109.4,726602
2022-06-15,GRVC,112.03,1708979
2022-06-16,GRVC,113.79,1242640
2022-06-17,GRVC,114.22,699213
2022-06-20,GRVC,112.25,1298883
2022-06-21,GRVC,113.16,1116317
2022-06-22,GRVC,113.85,771763
2022-06-23,GRVC,115.11,966594
2022-06-24,GRVC,113.06,1542417
2022-06-27,GRVC,113.58,735877
2022-06-28,GRVC,114.5,929203
2022-06-29,GRVC,113.21,1071683
2022-06-30,GRVC,113.22,565258
2022-07-01,GRVC,111.26,1366100
2022-07-04,GRVC,111.51,605711
2022-07-05,GRVC,109.28,1413613
2022-07-06,GRVC,104.23,2732083
2022-07-07,GRVC,103.96,838289
2022-07-08,GRVC,102.22,1407163
2022-07-11,GRVC,101.3,1010086
2022-07-12,GRVC,100.73,1005500
2022-07-13,GRVC,102.04,1015822
2022-07-14,GRVC,103.26,1194758
2022-07-15,GRVC,102.63,777286
2022-07-18,GRVC,104.4,1218271
2022-07-19,GRVC,103.35,1111143
2022-07-20,GRVC,103.15,791833
2022-07-21,GRVC,104.8,1378743
2022-07-22,GRVC,106.98,1530786
2022-07-25,GRVC,107.45,725458
2022-07-26,GRVC,106.03,1106246
2022-07-27,GRVC,104.84,1258717
2022-07-28,GRVC,107,1503837
2022-07-29,GRVC,104.65,1743883
2022-08-01,GRVC,107.04,1557446
2022-08-02,GRVC,106.78,782323
2022-08-03,GRVC,108.63,1418275
2022-08-04,GRVC,109.47,908985
2022-08-05,GRVC,110.27,1050891
2022-08-08,GRVC,109.52,885072
2022-08-09,GRVC,110.04,898056
2022-08-10,GRVC,109.09,1016350
2022-08-11,GRVC,109.78,855832
2022-08-12,GRVC,113.41,2026266
2022-08-15,GRVC,114.01,949572
2022-08-16,GRVC,111.02,1716180
2022-08-17,GRVC,114.25,1861357
2022-08-18,GRVC,117.14,1588656
2022-08-19,GRVC,119.65,1624460
2022-08-22,GRVC,122.6,1626399
2022-08-23,GRVC,125.31,1589237
2022-08-24,GRVC,123.51,1329240
2022-08-25,GRVC,120.34,1732036
2022-08-26,GRVC,120.14,627986
2022-08-29,GRVC,113.48,3032536
2022-08-30,GRVC,115.03,1175486
2022-08-31,GRVC,113.03,1493077
2022-09-01,GRVC,113.36,647932
2022-09-02,GRVC,111.38,1503940
2022-09-05,GRVC,110.19,1129322
2022-09-06,GRVC,111.55,1041481
2022-09-07,GRVC,112.7,1103234
2022-09-08,GRVC,113.25,793055
2022-09-09,GRVC,114.3,957568
2022-09-12,GRVC,112.88,1160322
2022-09-13,GRVC,114.18,1203617
2022-09-14,GRVC,119.01,2558811
2022-09-15,GRVC,116.93,1366303
2022-09-16,GRVC,115.6,1311292
2022-09-19,GRVC,116.84,1071369
2022-09-20,GRVC,114.15,1731456
2022-09-21,GRVC,113.8,955216
2022-09-22,GRVC,114.84,967614
2022-09-23,GRVC,114.51,629372
2022-09-26,GRVC,114.17,864087
2022-09-27,GRVC,115.66,1172954
2022-09-28,GRVC,118.66,1724291
2022-09-29,GRVC,118.18,803062
2022-09-30,GRVC,116.95,1037310
2022-10-03,GRVC,119.39,1541610
2022-10-04,GRVC,118.71,936716
2022-10-05,GRVC,115.57,1795905
2022-10-06,GRVC,113.49,1404825
2022-10-07,GRVC,112.5,952901
2022-10-10,GRVC,113.66,1122489
2022-10-11,GRVC,112.64,1212871
2022-10-12,GRVC,114.57,1324206
2022-10-13,GRVC,117.37,1665220
2022-10-14,GRVC,117.48,631525
2022-10-17,GRVC,121.27,1864666
2022-10-18,GRVC,121.5,844743
2022-10-19,GRVC,118.84,1597362
2022-10-20,GRVC,122,1894783
2022-10-21,GRVC,118.7,1911469
2022-10-24,GRVC,120.91,1417737
2022-10-25,GRVC,121.66,919975
2022-10-26,GRVC,122.01,762534
2022-10-27,GRVC,119.3,1616286
2022-10-28,GRVC,118.68,844595
2022-10-31,GRVC,120.85,1343702
2022-11-01,GRVC,121.33,745199
2022-11-02,GRVC,115.62,2850709
2022-11-03,GRVC,118.76,1851341
2022-11-04,GRVC,114.77,2227272
2022-11-07,GRVC,114.15,829825
2022-11-08,GRVC,113.1,892189
2022-11-09,GRVC,112.57,829510
2022-11-10,GRVC,114.35,1341132
2022-11-11,GRVC,111.21,1887079
2022-11-14,GRVC,112,967782
2022-11-15,GRVC,107.96,2423229
2022-11-16,GRVC,110.05,1359012
2022-11-17,GRVC,109.35,882779
2022-11-18,GRVC,111.04,1391427
2022-11-21,GRVC,112.67,1289438
2022-11-22,GRVC,109.62,1708359
2022-11-23,GRVC,110.24,1028500
2022-11-24,GRVC,108,1510505
2022-11-25,GRVC,105.6,1604621
2022-11-28,GRVC,106.61,992680
2022-11-29,GRVC,105.44,1249455
2022-11-30,GRVC,106.96,1276543
2022-12-01,GRVC,106.38,870426
2022-12-02,GRVC,108.9,1612975
2022-12-05,GRVC,109.41,768033
2022-12-06,GRVC,108.79,885337
2022-12-07,GRVC,112.47,2012095
2022-12-08,GRVC,115.24,1709461
2022-12-09,GRVC,114.34,1108413
2022-12-12,GRVC,112.15,1447365
2022-12-13,GRVC,109.78,1572297
2022-12-14,GRVC,109.5,832738
2022-12-15,GRVC,108.31,1264811
2022-12-16,GRVC,108.8,877578
2022-12-19,GRVC,107.51,1226420
2022-12-20,GRVC,108.19,898506
2022-12-21,GRVC,107.82,789620
2022-12-22,GRVC,106.44,1241476
2022-12-23,GRVC,106.83,808239
2022-12-26,GRVC,108.8,1348873
2022-12-27,GRVC,108.11,1011821
2022-12-28,GRVC,109.01,1109590
2022-12-29,GRVC,108.99,540435
2022-12-30,GRVC,110.44,1239505
2023-01-02,GRVC,111.02,1001847
2023-01-03,GRVC,107.3,2122507
2023-01-04,GRVC,109.42,1500326
2023-01-05,GRVC,110.19,784393
2023-01-06,GRVC,107.76,1684240
2023-01-09,GRVC,107.51,807969
2023-01-10,GRVC,110.09,1586689
2023-01-11,GRVC,112.64,1739443
2023-01-12,GRVC,113.04,829103
2023-01-13,GRVC,113.21,683341
2023-01-16,GRVC,114.67,1149820
2023-01-17,GRVC,114.19,715250
2023-01-18,GRVC,115.22,1046951
2023-01-19,GRVC,120.91,2571855
2023-01-20,GRVC,120.97,692599
2023-01-23,GRVC,120.85,740580
2023-01-24,GRVC,120.39,979901
2023-01-25,GRVC,118.79,1154259
2023-01-26,GRVC,120.61,1252598
2023-01-27,GRVC,123.27,1684991
2023-01-30,GRVC,122.8,923814
2023-01-31,GRVC,119.7,1818312
2023-02-01,GRVC,119.54,532060
2023-02-02,GRVC,121.9,1448346
2023-02-03,GRVC,121.31,813753
2023-02-06,GRVC,123.83,1520921
2023-02-07,GRVC,127.58,1849240
2023-02-08,GRVC,129.34,1179888
2023-02-09,GRVC,130.18,874658
2023-02-10,GRVC,131.57,1037588
2023-02-13,GRVC,132.61,970360
2023-02-14,GRVC,133,658903
2023-02-15,GRVC,133.53,777130
2023-02-16,GRVC,134.94,1256892
2023-02-17,GRVC,133.57,1119195
2023-02-20,GRVC,132.8,741169
2023-02-21,GRVC,132.7,560858
2023-02-22,GRVC,133.25,681651
2023-02-23,GRVC,136.06,1501871
2023-02-24,GRVC,134.1,1255534
2023-02-27,GRVC,132.29,1358131
2023-02-28,GRVC,131.48,915950
2023-03-01,GRVC,133.18,1058947
2023-03-02,GRVC,134.86,1249021
2023-03-03,GRVC,134.13,724745
2023-03-06,GRVC,136.67,1446256
2023-03-07,GRVC,142.7,2564136
2023-03-08,GRVC,142.12,777902
2023-03-09,GRVC,142.61,844764
2023-03-10,GRVC,140.89,1146756
2023-03-13,GRVC,142.61,1222703
2023-03-14,GRVC,137.76,2128429
2023-03-15,GRVC,137.11,1008821
2023-03-16,GRVC,140.67,1796397
2023-03-17,GRVC,140.77,592521
2023-03-20,GRVC,143.79,1509084
2023-03-21,GRVC,143.63,833011
2023-03-22,GRVC,144,778627
2023-03-23,GRVC,142.94,881423
2023-03-24,GRVC,146.3,1608795
2023-03-27,GRVC,148.43,1257825
2023-03-28,GRVC,154.31,2276400
2023-03-29,GRVC,157.28,1522734
2023-03-30,GRVC,158.66,915800
2023-03-31,GRVC,157.99,785114
2023-04-03,GRVC,157.52,659773
2023-04-04,GRVC,154.17,1551180
2023-04-05,GRVC,155.48,861114
2023-04-06,GRVC,156.31,982737
2023-04-07,GRVC,155.79,825722
2023-04-10,GRVC,155.38,874641
2023-04-11,GRVC,158.28,1364074
2023-04-12,GRVC,158.18,577282
2023-04-13,GRVC,153.78,1827267
2023-04-14,GRVC,155.36,916954
2023-04-17,GRVC,157.51,1278517
2023-04-18,GRVC,160.82,1645991
2023-04-19,GRVC,165.27,1750486
2023-04-20,GRVC,167.64,1095019
2023-04-21,GRVC,171.72,1643498
2023-04-24,GRVC,176.38,1726069
2023-04-25,GRVC,178.05,979771
2023-04-26,GRVC,176.67,1010085
2023-04-27,GRVC,179.79,1563569
2023-04-28,GRVC,180.01,550248
2023-05-01,GRVC,178.1,1120269
2023-05-02,GRVC,177.83,682751
2023-05-03,GRVC,174.03,1546575
2023-05-04,GRVC,173.28,946049
2023-05-05,GRVC,176.09,1345560
2023-05-08,GRVC,176.14,720763
2023-05-09,GRVC,184.8,2619320
2023-05-10,GRVC,187.33,1096589
2023-05-11,GRVC,188.77,1065734
2023-05-12,GRVC,187.31,1027457
2023-05-15,GRVC,187.18,772385
2023-05-16,GRVC,182.75,1723792
2023-05-17,GRVC,183.19,696209
2023-05-18,GRVC,182.12,920038
2023-05-19,GRVC,188,1926861
2023-05-22,GRVC,186.88,760358
2023-05-23,GRVC,187.21,792913
2023-05-24,GRVC,188.9,861751
2023-05-25,GRVC,191.19,1110339
2023-05-26,GRVC,189.96,985877
2023-05-29,GRVC,189.19,820353
2023-05-30,GRVC,194.11,1830991
2023-05-31,GRVC,194.76,833001
2023-06-01,GRVC,187.29,2196941
2023-06-02,GRVC,184.58,1257375
2023-06-05,GRVC,181.8,1399312
2023-06-06,GRVC,183.52,1098099
2023-06-07,GRVC,183.61,567233
2023-06-08,GRVC,184.3,780124
2023-06-09,GRVC,182.42,1116061
2023-06-12,GRVC,187.98,2049723
2023-06-13,GRVC,187.93,601329
2023-06-14,GRVC,190.96,1400522
2023-06-15,GRVC,192.48,978775
2023-06-16,GRVC,196.3,1536076
2023-06-19,GRVC,195.13,903732
2023-06-20,GRVC,196.99,1077941
2023-06-21,GRVC,194.63,1081228
2023-06-22,GRVC,196.87,1218147
2023-06-23,GRVC,196.71,633000
2023-06-26,GRVC,191.26,1763283
2023-06-27,GRVC,193.87,1251002
2023-06-28,GRVC,188.55,1997873
2023-06-29,GRVC,185.43,1471538
2023-06-30,GRVC,185.03,605440
2023-07-03,GRVC,189.58,1694719
2023-07-04,GRVC,191.81,1078434
2023-07-05,GRVC,191.24,754145
2023-07-06,GRVC,190.16,775042
2023-07-07,GRVC,193.73,1449322
2023-07-10,GRVC,189.29,1628796
2023-07-11,GRVC,189.54,702406
2023-07-12,GRVC,189.42,581414
2023-07-13,GRVC,190.63,710983
2023-07-14,GRVC,187.5,1471625
2023-07-17,GRVC,185.7,1009939
2023-07-18,GRVC,186.42,598664
2023-07-19,GRVC,189.43,1225612
2023-07-20,GRVC,189.63,736860
2023-07-21,GRVC,187.19,1066495
2023-07-24,GRVC,182.88,1700779
2023-07-25,GRVC,184.98,1029291
2023-07-26,GRVC,190.17,1829681
2023-07-27,GRVC,192.82,1319168
2023-07-28,GRVC,196.5,1329934
2023-07-31,GRVC,198.67,1090638
2023-08-01,GRVC,200.74,975886
2023-08-02,GRVC,197.04,1585460
2023-08-03,GRVC,201.36,1450202
2023-08-04,GRVC,197.86,1366344
2023-08-07,GRVC,195.32,1372388
2023-08-08,GRVC,195.29,636531
2023-08-09,GRVC,191.82,1350694
2023-08-10,GRVC,189.55,1103377
2023-08-11,GRVC,181.34,2559931
2023-08-14,GRVC,174.89,2137324
2023-08-15,GRVC,180.58,2201360
2023-08-16,GRVC,182.42,1023094
2023-08-17,GRVC,176.98,1975627
2023-08-18,GRVC,175.48,983325
2023-08-21,GRVC,177.43,1152761
2023-08-22,GRVC,180.02,1174999
2023-08-23,GRVC,174.68,2041307
2023-08-24,GRVC,174.82,653750
2023-08-25,GRVC,175.35,777577
2023-08-28,GRVC,178.5,1435811
2023-08-29,GRVC,175.18,1441005
2023-08-30,GRVC,175.21,596986
2023-08-31,GRVC,174.82,786744
2023-09-01,GRVC,178.82,1438496
2023-09-04,GRVC,183.76,1962960
2023-09-05,GRVC,188.69,1804970
2023-09-06,GRVC,188.81,680905
2023-09-07,GRVC,190.49,1048549
2023-09-08,GRVC,193.81,1373913
2023-09-11,GRVC,190.38,1543115
2023-09-12,GRVC,190.05,728371
2023-09-13,GRVC,188.15,986028
2023-09-14,GRVC,189.74,1130866
2023-09-15,GRVC,189.22,825966
2023-09-18,GRVC,186.69,1242131
2023-09-19,GRVC,189.63,1479099
2023-09-20,GRVC,191.28,935277
2023-09-21,GRVC,193.44,1097990
2023-09-22,GRVC,188.56,1761330
2023-09-25,GRVC,186.52,1045259
2023-09-26,GRVC,188.79,1144321
2023-09-27,GRVC,178.66,3158698
2023-09-28,GRVC,177.36,942353
2023-09-29,GRVC,174.2,1258003
2023-10-02,GRVC,175.09,916046
2023-10-03,GRVC,176.95,1140706
2023-10-04,GRVC,181.86,1789146
2023-10-05,GRVC,186.53,1782727
2023-10-06,GRVC,189.27,1183842
2023-10-09,GRVC,191.33,1217787
2023-10-10,GRVC,192.25,815069
2023-10-11,GRVC,191.81,761341
2023-10-12,GRVC,192.11,757860
2023-10-13,GRVC,196.92,1675808
2023-10-16,GRVC,202.14,1680572
2023-10-17,GRVC,208.12,1911263
2023-10-18,GRVC,205.09,1248718
2023-10-19,GRVC,201.69,1267784
2023-10-20,GRVC,193.79,2534686
2023-10-23,GRVC,187.6,2014800
2023-10-24,GRVC,194.24,2231766
2023-10-25,GRVC,192.53,1013058
2023-10-26,GRVC,196.13,1364808
2023-10-27,GRVC,197.13,751606
2023-10-30,GRVC,199.69,1112671
2023-10-31,GRVC,201.8,890106
2023-11-01,GRVC,205.92,1368959
2023-11-02,GRVC,208.17,1156996
2023-11-03,GRVC,206.4,971538
2023-11-06,GRVC,201.08,1779404
2023-11-07,GRVC,205.69,1565144
2023-11-08,GRVC,208.75,1409349
2023-11-09,GRVC,206,1198480
2023-11-10,GRVC,206.27,762856
2023-11-13,GRVC,212.34,2016037
2023-11-14,GRVC,219.4,2020895
2023-11-15,GRVC,224,1458884
2023-11-16,GRVC,224.33,629843
2023-11-17,GRVC,220.24,1319792
2023-11-20,GRVC,219.34,840833
2023-11-21,GRVC,218.48,858530
2023-11-22,GRVC,215.63,1278631
2023-11-23,GRVC,222.76,2042512
2023-11-24,GRVC,223.72,772958
2023-11-27,GRVC,221.99,925271
2023-11-28,GRVC,215.14,2064779
2023-11-29,GRVC,216.38,795502
2023-11-30,GRVC,220.99,1457193
2023-12-01,GRVC,219.08,984930
2023-12-04,GRVC,216.99,1085070
2023-12-05,GRVC,216.76,648808
2023-12-06,GRVC,223.86,1972045
2023-12-07,GRVC,228.65,1647092
2023-12-08,GRVC,230.65,950758
2023-12-11,GRVC,225.99,1702526
2023-12-12,GRVC,222.28,1323393
2023-12-13,GRVC,229.12,2085612
2023-12-14,GRVC,235.89,1868091
2023-12-15,GRVC,231.23,1515387
2023-12-18,GRVC,222.35,2426257
2023-12-19,GRVC,219.07,1338912
2023-12-20,GRVC,217.56,1015806
2023-12-21,GRVC,212.89,1570336
2023-12-22,GRVC,209.22,1408130
2023-12-25,GRVC,217.37,2160229
2023-12-26,GRVC,224.84,2071227
2023-12-27,GRVC,223.32,800044
2023-12-28,GRVC,220.38,1103619
2023-12-29,GRVC,217.84,1197028
2024-01-01,GRVC,220.86,1249890
2024-01-02,GRVC,216.09,1548322
2024-01-03,GRVC,217.46,878880
2024-01-04,GRVC,212.84,1780878
2024-01-05,GRVC,213.42,744726
2024-01-08,GRVC,219.65,1864176
2024-01-09,GRVC,226.33,1759071
2024-01-10,GRVC,233.6,1997500
2024-01-11,GRVC,231.16,1135413
2024-01-12,GRVC,233.28,1182995
2024-01-15,GRVC,236.43,1077666
2024-01-16,GRVC,234.35,1028174
2024-01-17,GRVC,235.6,866170
2024-01-18,GRVC,232.9,1246245
2024-01-19,GRVC,232.77,744229
2024-01-22,GRVC,237.34,1646372
2024-01-23,GRVC,231.38,1779288
2024-01-24,GRVC,230.43,864618
2024-01-25,GRVC,226.78,1272703
2024-01-26,GRVC,224.53,1102741
2024-01-29,GRVC,228.12,1174114
2024-01-30,GRVC,232.98,1548660
2024-01-31,GRVC,230.75,946153
2024-02-01,GRVC,221.65,2301023
2024-02-02,GRVC,230.92,2502493
2024-02-05,GRVC,223.24,2035580
2024-02-06,GRVC,228.07,1656331
2024-02-07,GRVC,225.55,1129488
2024-02-08,GRVC,220.97,1536148
2024-02-09,GRVC,221.65,597114
2024-02-12,GRVC,224.25,1078621
2024-02-13,GRVC,221.31,1250509
2024-02-14,GRVC,222.98,948951
2024-02-15,GRVC,222.17,743697
2024-02-16,GRVC,221.68,796617
2024-02-19,GRVC,222.04,679626
2024-02-20,GRVC,218.14,1281919
2024-02-21,GRVC,218.96,799186
2022-01-03,SCNC,67.25,2140222
2022-01-04,SCNC,68.32,1050984
2022-01-05,SCNC,70.24,1411770
2022-01-06,SCNC,66.34,2400869
2022-01-07,SCNC,65.59,961359
2022-01-10,SCNC,63.59,1554821
2022-01-11,SCNC,64.3,981786
2022-01-12,SCNC,67.13,1919287
2022-01-13,SCNC,68.77,1439079
2022-01-14,SCNC,70.2,1275773
2022-01-17,SCNC,71.7,1199062
2022-01-18,SCNC,71.25,825138
2022-01-19,SCNC,72.35,936525
2022-01-20,SCNC,70.33,1558182
2022-01-21,SCNC,68.62,1432167
2022-01-24,SCNC,66.96,1376119
2022-01-25,SCNC,69.72,1950634
2022-01-26,SCNC,69.38,787872
2022-01-27,SCNC,69.93,999868
2022-01-28,SCNC,70.12,580909
2022-01-31,SCNC,71.76,1467719
2022-02-01,SCNC,73.35,1385643
2022-02-02,SCNC,75.19,1493646
2022-02-03,SCNC,72.31,1893841
2022-02-04,SCNC,71.31,1169818
2022-02-07,SCNC,71.78,783891
2022-02-08,SCNC,73.16,1219721
2022-02-09,SCNC,71.23,1355519
2022-02-10,SCNC,71.29,674723
2022-02-11,SCNC,73.33,1566744
2022-02-14,SCNC,71.81,1351174
2022-02-15,SCNC,67.48,2486685
2022-02-16,SCNC,65.94,1324311
2022-02-17,SCNC,65.07,1017691
2022-02-18,SCNC,67.66,1780267
2022-02-21,SCNC,65.3,1798800
2022-02-22,SCNC,66.41,1183401
2022-02-23,SCNC,67.27,868268
2022-02-24,SCNC,69.31,1521647
2022-02-25,SCNC,69.33,742095
2022-02-28,SCNC,70.34,1109372
2022-03-01,SCNC,67.6,1763864
2022-03-02,SCNC,67.9,842709
2022-03-03,SCNC,68.86,1152119
2022-03-04,SCNC,68.02,996997
2022-03-07,SCNC,69.02,1088479
2022-03-08,SCNC,66.96,1566462
2022-03-09,SCNC,65.37,1260850
2022-03-10,SCNC,65.91,898700
2022-03-11,SCNC,66.09,658857
2022-03-14,SCNC,66.07,687330
2022-03-15,SCNC,67.27,1127518
2022-03-16,SCNC,69.18,1450743
2022-03-17,SCNC,67.01,1552073
2022-03-18,SCNC,65.07,1578535
2022-03-21,SCNC,65.31,695876
2022-03-22,SCNC,66.83,1463358
2022-03-23,SCNC,63.07,2325132
2022-03-24,SCNC,61.29,1536636
2022-03-25,SCNC,60.89,859114
2022-03-28,SCNC,60.73,653223
2022-03-29,SCNC,59.03,1485948
2022-03-30,SCNC,63.07,2598603
2022-03-31,SCNC,63.25,586893
2022-04-01,SCNC,63.34,799316
2022-04-04,SCNC,62.88,836430
2022-04-05,SCNC,65.9,1973805
2022-04-06,SCNC,68.5,1917853
2022-04-07,SCNC,68.54,630226
2022-04-08,SCNC,66.51,1495303
2022-04-11,SCNC,66.46,683772
2022-04-12,SCNC,67,851433
2022-04-13,SCNC,67.61,956432
2022-04-14,SCNC,69.79,1637348
2022-04-15,SCNC,67.79,1472294
2022-04-18,SCNC,68.84,1078759
2022-04-19,SCNC,70.28,1179243
2022-04-20,SCNC,68.22,1532436
2022-04-21,SCNC,71.35,1966637
2022-04-22,SCNC,71.99,1029484
2022-04-25,SCNC,70.47,1285050
2022-04-26,SCNC,73.69,1903474
2022-04-27,SCNC,76.03,1696976
2022-04-28,SCNC,74.72,1130757
2022-04-29,SCNC,75.35,729370
2022-05-02,SCNC,74.51,885114
2022-05-03,SCNC,73.78,979436
2022-05-04,SCNC,74.95,1119857
2022-05-05,SCNC,74.12,914495
2022-05-06,SCNC,75.98,1353820
2022-05-09,SCNC,75.97,582516
2022-05-10,SCNC,75.75,683008
2022-05-11,SCNC,76.93,1152488
2022-05-12,SCNC,73.66,1831584
2022-05-13,SCNC,73.29,770286
2022-05-16,SCNC,77.45,2419634
2022-05-17,SCNC,77.65,776097
2022-05-18,SCNC,78.21,748947
2022-05-19,SCNC,77.92,838884
2022-05-20,SCNC,77.53,823112
2022-05-23,SCNC,78.6,931028
2022-05-24,SCNC,77.82,872153
2022-05-25,SCNC,75.5,1588192
2022-05-26,SCNC,76.58,1075355
2022-05-27,SCNC,74.75,1277022
2022-05-30,SCNC,75.49,831520
2022-05-31,SCNC,77.71,1573780
2022-06-01,SCNC,79.54,1283195
2022-06-02,SCNC,81.53,1340458
2022-06-03,SCNC,81.55,550977
2022-06-06,SCNC,82.86,1167185
2022-06-07,SCNC,82.64,683788
2022-06-08,SCNC,85.41,1471608
2022-06-09,SCNC,86.05,757531
2022-06-10,SCNC,83,1794042
2022-06-13,SCNC,82.18,967438
2022-06-14,SCNC,81.36,857531
2022-06-15,SCNC,80.36,960944
2022-06-16,SCNC,79.29,1096052
2022-06-17,SCNC,79.71,823455
2022-06-20,SCNC,79.68,742593
2022-06-21,SCNC,78.83,816405
2022-06-22,SCNC,78.1,857031
2022-06-23,SCNC,77.31,873605
2022-06-24,SCNC,80.55,1757877
2022-06-27,SCNC,83.4,1740776
2022-06-28,SCNC,80.36,1877966
2022-06-29,SCNC,81.05,752266
2022-06-30,SCNC,81.52,831488
2022-07-01,SCNC,82.67,1154709
2022-07-04,SCNC,84.76,1313497
2022-07-05,SCNC,83.1,1221068
2022-07-06,SCNC,85.02,1273176
2022-07-07,SCNC,84.87,738430
2022-07-08,SCNC,88.94,1919226
2022-07-11,SCNC,89.66,880081
2022-07-12,SCNC,86.13,1858320
2022-07-13,SCNC,84.02,1416326
2022-07-14,SCNC,84.42,642481
2022-07-15,SCNC,83.11,1016622
2022-07-18,SCNC,83.68,751977
2022-07-19,SCNC,81.76,1344741
2022-07-20,SCNC,82.83,986494
2022-07-21,SCNC,84.85,1327250
2022-07-22,SCNC,82.82,1298468
2022-07-25,SCNC,81.67,957230
2022-07-26,SCNC,82.08,904501
2022-07-27,SCNC,84.31,1490985
2022-07-28,SCNC,82.79,1218989
2022-07-29,SCNC,81.96,1056831
2022-08-01,SCNC,79.24,1635222
2022-08-02,SCNC,79.8,788296
2022-08-03,SCNC,78.41,1211931
2022-08-04,SCNC,77.82,800661
2022-08-05,SCNC,77.08,870523
2022-08-08,SCNC,74.55,1580001
2022-08-09,SCNC,77.31,1663330
2022-08-10,SCNC,77.81,876117
2022-08-11,SCNC,75.64,1611250
2022-08-12,SCNC,75.78,524484
2022-08-15,SCNC,76.02,743143
2022-08-16,SCNC,77.53,1244177
2022-08-17,SCNC,77.07,834573
2022-08-18,SCNC,76.5,772912
2022-08-19,SCNC,76.54,693437
2022-08-22,SCNC,79.01,1457830
2022-08-23,SCNC,82.59,2013995
2022-08-24,SCNC,81.16,1149739
2022-08-25,SCNC,79.53,1237602
2022-08-26,SCNC,78.19,1223639
2022-08-29,SCNC,76.91,1090581
2022-08-30,SCNC,77.25,789616
2022-08-31,SCNC,77.08,717260
2022-09-01,SCNC,76.16,1147619
2022-09-02,SCNC,74.56,1242950
2022-09-05,SCNC,73.55,1085404
2022-09-06,SCNC,74.18,800436
2022-09-07,SCNC,73.17,1020410
2022-09-08,SCNC,70.74,1558759
2022-09-09,SCNC,70.14,888874
2022-09-12,SCNC,70.53,670495
2022-09-13,SCNC,71.49,946590
2022-09-14,SCNC,72.31,1002990
2022-09-15,SCNC,68.99,2034780
2022-09-16,SCNC,67.66,1281273
2022-09-19,SCNC,67.07,771811
2022-09-20,SCNC,66.64,754193
2022-09-21,SCNC,67.06,804932
2022-09-22,SCNC,66.73,739363
2022-09-23,SCNC,68.93,1566529
2022-09-26,SCNC,71.78,1712047
2022-09-27,SCNC,72.45,859923
2022-09-28,SCNC,73.61,1100452
2022-09-29,SCNC,70.63,1761806
2022-09-30,SCNC,71.33,880790
2022-10-03,SCNC,70.33,926351
2022-10-04,SCNC,68.87,1337458
2022-10-05,SCNC,63.81,3083861
2022-10-06,SCNC,66.03,1545785
2022-10-07,SCNC,66.82,941616
2022-10-10,SCNC,65.72,1026224
2022-10-11,SCNC,67.43,1373261
2022-10-12,SCNC,65.65,1482907
2022-10-13,SCNC,69.34,2357713
2022-10-14,SCNC,70.11,956431
2022-10-17,SCNC,71.02,878156
2022-10-18,SCNC,68.66,1626894
2022-10-19,SCNC,65.79,1931009
2022-10-20,SCNC,64.85,1058625
2022-10-21,SCNC,61.78,2255919
2022-10-24,SCNC,60.82,1163613
2022-10-25,SCNC,60.4,951643
2022-10-26,SCNC,63.45,2199469
2022-10-27,SCNC,63.53,664536
2022-10-28,SCNC,62.39,1156854
2022-10-31,SCNC,63.09,902429
2022-11-01,SCNC,62.18,1038633
2022-11-02,SCNC,63.92,1568268
2022-11-03,SCNC,63.69,589077
2022-11-04,SCNC,65.92,1684376
2022-11-07,SCNC,68.68,1827825
2022-11-08,SCNC,69.56,1111769
2022-11-09,SCNC,70.47,1077827
2022-11-10,SCNC,73.17,1828101
2022-11-11,SCNC,69.56,2256821
2022-11-14,SCNC,68.71,1076310
2022-11-15,SCNC,72.64,2185146
2022-11-16,SCNC,72.56,594223
2022-11-17,SCNC,73.7,1035267
2022-11-18,SCNC,77.68,2342774
2022-11-21,SCNC,77.24,939017
2022-11-22,SCNC,77.07,699235
2022-11-23,SCNC,78.99,1494353
2022-11-24,SCNC,77.65,1124129
2022-11-25,SCNC,78.03,685671
2022-11-28,SCNC,80.8,1777639
2022-11-29,SCNC,82.34,1077270
2022-11-30,SCNC,81.36,1168221
2022-12-01,SCNC,83.9,1561983
2022-12-02,SCNC,89,2512513
2022-12-05,SCNC,87.8,1196564
2022-12-06,SCNC,80.65,3230913
2022-12-07,SCNC,80.57,701600
2022-12-08,SCNC,78.01,1634438
2022-12-09,SCNC,77.75,716354
2022-12-12,SCNC,77.29,737243
2022-12-13,SCNC,77.25,563057
2022-12-14,SCNC,79.64,1619598
2022-12-15,SCNC,78.31,1157795
2022-12-16,SCNC,79.16,962975
2022-12-19,SCNC,74.64,2529405
2022-12-20,SCNC,76.31,1356829
2022-12-21,SCNC,75.62,992259
2022-12-22,SCNC,70.35,2756221
2022-12-23,SCNC,70.99,1030291
2022-12-26,SCNC,69.69,1341262
2022-12-27,SCNC,69.11,933229
2022-12-28,SCNC,68.24,1049933
2022-12-29,SCNC,69.88,1398596
2022-12-30,SCNC,69.56,926554
2023-01-02,SCNC,69.86,872248
2023-01-03,SCNC,73.96,2476951
2023-01-04,SCNC,74.85,852443
2023-01-05,SCNC,74.22,941579
2023-01-06,SCNC,74.3,766070
2023-01-09,SCNC,73.88,942553
2023-01-10,SCNC,73.06,936800
2023-01-11,SCNC,71.36,1267088
2023-01-12,SCNC,71.2,557043
2023-01-13,SCNC,67.32,2256534
2023-01-16,SCNC,66.89,783217
2023-01-17,SCNC,68.04,1161616
2023-01-18,SCNC,68.82,865875
2023-01-19,SCNC,68.43,840536
2023-01-20,SCNC,69.62,1098490
2023-01-23,SCNC,68.56,1112321
2023-01-24,SCNC,68.23,824254
2023-01-25,SCNC,68.07,813121
2023-01-26,SCNC,66.71,1266194
2023-01-27,SCNC,67.2,829411
2023-01-30,SCNC,67.58,718827
2023-01-31,SCNC,65.71,1348745
2023-02-01,SCNC,67.05,1340813
2023-02-02,SCNC,64.91,1700918
2023-02-03,SCNC,66.11,1017783
2023-02-06,SCNC,65.02,1055259
2023-02-07,SCNC,64.72,655742
2023-02-08,SCNC,66.2,1387903
2023-02-09,SCNC,65.02,1332604
2023-02-10,SCNC,66.52,1332035
2023-02-13,SCNC,67.68,1135892
2023-02-14,SCNC,68.4,951361
2023-02-15,SCNC,68.52,753366
2023-02-16,SCNC,70.95,1828759
2023-02-17,SCNC,69.75,1049417
2023-02-20,SCNC,71.07,1187445
2023-02-21,SCNC,72,1183848
2023-02-22,SCNC,71.29,937666
2023-02-23,SCNC,72.06,953217
2023-02-24,SCNC,69.49,1887573
2023-02-27,SCNC,65.45,2535669
2023-02-28,SCNC,65.28,787249
2023-03-01,SCNC,68.47,2128613
2023-03-02,SCNC,67.1,1306836
2023-03-03,SCNC,65.34,1447633
2023-03-06,SCNC,66.03,937213
2023-03-07,SCNC,66.44,794911
2023-03-08,SCNC,66.83,758748
2023-03-09,SCNC,65.29,1267537
2023-03-10,SCNC,62.42,2170373
2023-03-13,SCNC,62.44,617475
2023-03-14,SCNC,61.94,870766
2023-03-15,SCNC,58.89,2299123
2023-03-16,SCNC,57.12,1495135
2023-03-17,SCNC,55.68,1324663
2023-03-20,SCNC,55.36,787511
2023-03-21,SCNC,56.24,1060761
2023-03-22,SCNC,53.16,2368392
2023-03-23,SCNC,51.95,1361206
2023-03-24,SCNC,52.56,943350
2023-03-27,SCNC,54.05,1473343
2023-03-28,SCNC,53.26,1134341
2023-03-29,SCNC,54.16,1043567
2023-03-30,SCNC,56.78,1967685
2023-03-31,SCNC,55.97,1048303
2023-04-03,SCNC,58.39,1889239
2023-04-04,SCNC,58.32,752440
2023-04-05,SCNC,58.32,666833
2023-04-06,SCNC,59.53,1236306
2023-04-07,SCNC,60.42,1219835
2023-04-10,SCNC,59.26,1305312
2023-04-11,SCNC,61.28,1669156
2023-04-12,SCNC,61.06,575590
2023-04-13,SCNC,59.43,1554213
2023-04-14,SCNC,57.28,1689683
2023-04-17,SCNC,57.1,808884
2023-04-18,SCNC,55.34,1561184
2023-04-19,SCNC,54.45,1181036
2023-04-20,SCNC,53.33,1374318
2023-04-21,SCNC,52.83,907653
2023-04-24,SCNC,54.18,1400136
2023-04-25,SCNC,51.95,1948740
2023-04-26,SCNC,50.71,1336890
2023-04-27,SCNC,49.85,1070949
2023-04-28,SCNC,48.11,1766402
2023-05-01,SCNC,48.64,1017077
2023-05-02,SCNC,47.96,1047897
2023-05-03,SCNC,47.29,1126239
2023-05-04,SCNC,46.79,1094086
2023-05-05,SCNC,46.39,915101
2023-05-08,SCNC,47.25,1152367
2023-05-09,SCNC,48,1111658
2023-05-10,SCNC,49.26,1304541
2023-05-11,SCNC,48.21,1358151
2023-05-12,SCNC,46.77,1619427
2023-05-15,SCNC,49.92,2502654
2023-05-16,SCNC,50.55,1069327
2023-05-17,SCNC,49.32,1222831
2023-05-18,SCNC,49.42,701448
2023-05-19,SCNC,49.43,580287
2023-05-22,SCNC,48.45,1254378
2023-05-23,SCNC,48.56,715645
2023-05-24,SCNC,49.01,920264
2023-05-25,SCNC,48.8,675831
2023-05-26,SCNC,50.3,1627797
2023-05-29,SCNC,50.64,860775
2023-05-30,SCNC,49.9,1056805
2023-05-31,SCNC,49.44,962080
2023-06-01,SCNC,48.59,1136298
2023-06-02,SCNC,46.84,1788015
2023-06-05,SCNC,47.81,1182642
2023-06-06,SCNC,47.92,669101
2023-06-07,SCNC,45.71,2041607
2023-06-08,SCNC,47.3,1538264
2023-06-09,SCNC,48.66,1413939
2023-06-12,SCNC,48.24,862652
2023-06-13,SCNC,49.21,1169293
2023-06-14,SCNC,49.79,881379
2023-06-15,SCNC,50.14,755666
2023-06-16,SCNC,50.4,864121
2023-06-19,SCNC,47.74,2295641
2023-06-20,SCNC,49.13,1511106
2023-06-21,SCNC,48.49,880822
2023-06-22,SCNC,47.26,1359391
2023-06-23,SCNC,45.91,1544178
2023-06-26,SCNC,44.34,1637442
2023-06-27,SCNC,44.85,1042960
2023-06-28,SCNC,47.01,1985478
2023-06-29,SCNC,45.97,1234882
2023-06-30,SCNC,46.34,787160
2023-07-03,SCNC,46.19,743567
2023-07-04,SCNC,46.38,720056
2023-07-05,SCNC,46.23,587230
2023-07-06,SCNC,46.1,596329
2023-07-07,SCNC,47.44,1513357
2023-07-10,SCNC,46.46,1271863
2023-07-11,SCNC,46.3,690672
2023-07-12,SCNC,45.29,1424850
2023-07-13,SCNC,45.7,862129
2023-07-14,SCNC,48.66,2526154
2023-07-17,SCNC,50.44,1695786
2023-07-18,SCNC,50.49,601582
2023-07-19,SCNC,50.86,765264
2023-07-20,SCNC,50.23,885336
2023-07-21,SCNC,48.64,1563017
2023-07-24,SCNC,49.78,1217961
2023-07-25,SCNC,50.68,1072146
2023-07-26,SCNC,52.06,1461582
2023-07-27,SCNC,50.78,1485860
2023-07-28,SCNC,50.91,624619
2023-07-31,SCNC,50.76,633518
2023-08-01,SCNC,49.31,1583642
2023-08-02,SCNC,49.08,840083
2023-08-03,SCNC,48.23,1195759
2023-08-04,SCNC,50.11,1776233
2023-08-07,SCNC,50.38,823389
2023-08-08,SCNC,49.97,1020689
2023-08-09,SCNC,49.72,872013
2023-08-10,SCNC,51.14,1627343
2023-08-11,SCNC,47.86,2728278
2023-08-14,SCNC,46.43,1423544
2023-08-15,SCNC,46.72,904189
2023-08-16,SCNC,47.27,875330
2023-08-17,SCNC,47.57,797309
2023-08-18,SCNC,46.36,1499811
2023-08-21,SCNC,47.25,1116844
2023-08-22,SCNC,48.4,1273765
2023-08-23,SCNC,51.67,2589650
2023-08-24,SCNC,50.19,1476906
2023-08-25,SCNC,51.99,1758958
2023-08-28,SCNC,52.29,868010
2023-08-29,SCNC,52.21,743786
2023-08-30,SCNC,51.07,1159833
2023-08-31,SCNC,50.07,1204268
2023-09-01,SCNC,50.39,772180
2023-09-04,SCNC,51.28,1256526
2023-09-05,SCNC,53.45,1970263
2023-09-06,SCNC,54.53,1119906
2023-09-07,SCNC,52.67,1734547
2023-09-08,SCNC,51.3,1368203
2023-09-11,SCNC,49.59,1800291
2023-09-12,SCNC,50.69,1392063
2023-09-13,SCNC,50.1,1038807
2023-09-14,SCNC,50.79,1154144
2023-09-15,SCNC,48,2391867
2023-09-18,SCNC,47.95,537012
2023-09-19,SCNC,48.26,926659
2023-09-20,SCNC,49.22,1105595
2023-09-21,SCNC,50.16,1247156
2023-09-22,SCNC,49.09,1260247
2023-09-25,SCNC,49.94,1234821
2023-09-26,SCNC,49.66,773006
2023-09-27,SCNC,49.95,875143
2023-09-28,SCNC,49.08,1061934
2023-09-29,SCNC,48.5,1055045
2023-10-02,SCNC,47.07,1571270
2023-10-03,SCNC,46,1247350
2023-10-04,SCNC,45.2,1106979
2023-10-05,SCNC,44.1,1347283
2023-10-06,SCNC,44.4,858878
2023-10-09,SCNC,46.71,2139515
2023-10-10,SCNC,45.41,1438503
2023-10-11,SCNC,45.31,657927
2023-10-12,SCNC,44.04,1417377
2023-10-13,SCNC,42.27,1846359
2023-10-16,SCNC,42.59,829181
2023-10-17,SCNC,42.04,1033801
2023-10-18,SCNC,43.53,1606505
2023-10-19,SCNC,45.77,2122962
2023-10-20,SCNC,46.01,835395
2023-10-23,SCNC,46.04,648242
2023-10-24,SCNC,44.13,1930821
2023-10-25,SCNC,41.31,2783392
2023-10-26,SCNC,42.2,1194675
2023-10-27,SCNC,42.14,581879
2023-10-30,SCNC,42.38,730478
2023-10-31,SCNC,42.65,845207
2023-11-01,SCNC,42.18,893613
2023-11-02,SCNC,42.33,866993
2023-11-03,SCNC,39.96,2381227
2023-11-06,SCNC,37.88,2203227
2023-11-07,SCNC,36.6,1697977
2023-11-08,SCNC,37.39,1206257
2023-11-09,SCNC,36.85,1062034
2023-11-10,SCNC,35.96,1446280
2023-11-13,SCNC,38.25,2627440
2023-11-14,SCNC,39.62,1741823
2023-11-15,SCNC,39.23,926629
2023-11-16,SCNC,39.57,764099
2023-11-17,SCNC,39.48,701564
2023-11-20,SCNC,40.31,1303340
2023-11-21,SCNC,38.99,1717947
2023-11-22,SCNC,40.39,1793092
2023-11-23,SCNC,39.14,1468359
2023-11-24,SCNC,39.79,1087447
2023-11-27,SCNC,40.74,1292219
2023-11-28,SCNC,40.09,1143126
2023-11-29,SCNC,41.95,2059999
2023-11-30,SCNC,42.12,575727
2023-12-01,SCNC,41.45,1124815
2023-12-04,SCNC,41.31,697375
2023-12-05,SCNC,42.48,1484607
2023-12-06,SCNC,42.76,907955
2023-12-07,SCNC,42.76,543086
2023-12-08,SCNC,41.06,1772633
2023-12-11,SCNC,40.52,1002495
2023-12-12,SCNC,40.1,1046298
2023-12-13,SCNC,40.24,743848
2023-12-14,SCNC,39.73,1109770
2023-12-15,SCNC,38.01,1991033
2023-12-18,SCNC,36.98,1412883
2023-12-19,SCNC,38.01,1416322
2023-12-20,SCNC,38.36,748012
2023-12-21,SCNC,38.79,1040674
2023-12-22,SCNC,37.02,2054897
2023-12-25,SCNC,37.71,1124919
2023-12-26,SCNC,36.58,1607418
2023-12-27,SCNC,37.07,1173327
2023-12-28,SCNC,35.88,1574835
2023-12-29,SCNC,35.51,974755
2024-01-01,SCNC,35.07,1062052
2024-01-02,SCNC,34.29,1226655
2024-01-03,SCNC,34.16,816647
2024-01-04,SCNC,34.1,821773
2024-01-05,SCNC,34.03,774872
2024-01-08,SCNC,34.04,599562
2024-01-09,SCNC,34.07,616480
2024-01-10,SCNC,34.09,513844
2024-01-11,SCNC,34.36,904814
2024-01-12,SCNC,35.24,1400018
2024-01-15,SCNC,35.61,860973
2024-01-16,SCNC,36.17,1109730
2024-01-17,SCNC,34.57,1880059
2024-01-18,SCNC,35.96,1813678
2024-01-19,SCNC,35.15,1443460
2024-01-22,SCNC,34.38,1291114
2024-01-23,SCNC,33.51,1500817
2024-01-24,SCNC,35.57,2347664
2024-01-25,SCNC,34.43,1690344
2024-01-26,SCNC,34.72,916143
2024-01-29,SCNC,34.85,773092
2024-01-30,SCNC,36.01,1675865
2024-01-31,SCNC,35.88,696380
2024-02-01,SCNC,37.21,1694079
2024-02-02,SCNC,36.07,1543322
2024-02-05,SCNC,36.14,644103
2024-02-06,SCNC,37.33,1596748
2024-02-07,SCNC,37.37,671082
2024-02-08,SCNC,38.08,1236579
2024-02-09,SCNC,38.86,1196638
2024-02-12,SCNC,38.39,1070271
2024-02-13,SCNC,37.31,1596432
2024-02-14,SCNC,37.78,962653
2024-02-15,SCNC,37.95,865334
2024-02-16,SCNC,39.64,1988702
2024-02-19,SCNC,39.86,742496
2024-02-20,SCNC,39.7,750331
2024-02-21,SCNC,38.26,1779221
